<?xml version="1.0" encoding="ISO-8859-1"?>
<project xmlns="http://maven.apache.org/DECORATION/1.0.0"
	xmlns:xsi="http://www.w3.org/2001/XMLSchema-instance"
	xsi:schemaLocation="http://maven.apache.org/DECORATION/1.0.0 http://maven.apache.org/xsd/decoration-1.0.0.xsd">
	<skin>
		<groupId>org.apache.maven.skins</groupId>
		<artifactId>maven-fluido-skin</artifactId>
		<version>1.3.0</version>
	</skin>
	<custom>
		<fluidoSkin>
			<topBarEnabled>true</topBarEnabled>
			<sideBarEnabled>true</sideBarEnabled>
			<!-- <topBarEnabled>true</topBarEnabled> -->
			<!-- <topBarIcon> -->
			<!-- <name>Maven Fluido Skin</name> -->
			<!-- <alt>Maven Fluido Skin</alt> -->
			<!-- <src>/images/topbar-logo.png</src> -->
			<!-- <href>/index.html</href> -->
			<!-- </topBarIcon> -->
			<topBarEnabled>true</topBarEnabled>
			<topBarContainerStyle>width: 90%;</topBarContainerStyle>
			<topBarEnabled>true</topBarEnabled>
			<navBarStyle>navbar-inverse</navBarStyle>
			<leftColumnClass>span2</leftColumnClass>
			<bodyColumnClass>span10</bodyColumnClass>
			<sourceLineNumbersEnabled>true</sourceLineNumbersEnabled>
			<gitHub>
				<projectId>genthaler/${artifactId}</projectId>
				<ribbonOrientation>right</ribbonOrientation>
				<!-- <ribbonColor>black</ribbonColor> -->
			</gitHub>
			<twitter>
				<user>genthaler</user>
				<!-- <showUser>false</showUser> -->
				<!-- <showFollowers>true</showFollowers> -->
			</twitter>
			<ohloh>
				<projectId>643400</projectId>
				<widget>partner-badge</widget>
			</ohloh>
			<facebookLike />
			<googlePlusOne />
		</fluidoSkin>
	</custom>
	<body>
		<menu name="Overview">
			<item name="Introduction" href="index.html" />
			<item name="Tutorial" href="tutorial.html" />
		</menu>
		<menu ref="reports" />
	</body>
</project>